Id,OrderId,ItemId
f0b0bf5d-31fb-4a21-b55d-f96b91ea91ee,5ee7925a-80d1-4732-9dd2-04f02a805b40,f1b56583-8a27-4a07-89d1-ded18794bbb6
75e4d658-912b-44e9-9c75-c889736e122c,e45290bc-1c38-441b-a0eb-a1c9fdd50a09,0d8d91a1-5679-4b2f-8073-f1163285b39b
0b5fff26-bf92-4b08-a382-ef169c8a9915,daf860ab-5385-428c-9ba6-fe5e6b426b08,f543b3a2-9409-4ba5-be23-75834a916962
8009ab9a-9006-40bf-a092-9b047983909a,2092c866-fb61-44ea-a12d-336877608714,f1b56583-8a27-4a07-89d1-ded18794bbb6
cae5fe0c-dab2-4993-8d56-18bd1211d36b,11a418d8-a44c-4088-ab40-a9c5fcb56421,aeaa187d-f30d-42db-8c23-7632f85bacef
c6312693-8f05-43ff-afd0-99b0d3d0170a,6f48b574-790d-4055-b762-75663eed5f67,e530a804-38d6-4981-9bfe-60f3b4d26da9
5110c5d8-73d5-4de3-b099-9eb879fc3958,b2b2b54e-9944-4927-9b2f-f3acda8b91cd,ce647b7c-8915-4ea1-8d83-6ef54bb9c6fc
6412570d-2ba8-40f9-bbbb-859fcb304048,096ae872-5e62-4a00-9300-ab3029e2eafd,1d86b6a6-96a8-418c-8e6f-dc8a8b9080f0
492cf510-9213-4bc2-a418-d14ac1560dd4,db5bd6d6-63ef-4b96-a1cf-ce033a7aad89,d245b380-6572-4404-b809-55eea2daf7d0
faaf433f-f7b6-4270-86fa-cc631f11ef8d,402dbab3-5ed8-4b82-b4a8-5d8a181e6316,e530a804-38d6-4981-9bfe-60f3b4d26da9
738ee134-d858-482c-a333-c4178ff26b1d,7ceba7ad-75cf-4e5e-a37d-ee4e78bd430c,f1b56583-8a27-4a07-89d1-ded18794bbb6
250ab216-9477-4191-8cfe-9161e5f39726,acbd2ab8-79bb-4357-a0fa-4c68c3610486,c4af7778-5755-4db6-ac9c-91ab9d850520
5e0ca874-5060-4451-8299-ac7883122d91,f61be14f-8cf2-40ec-8ae0-b7184dc390ba,4ab5ff88-33ed-4ea9-9290-abbfc2494cfe
d6030bc5-b2cd-4876-bfee-15cc184548ad,f12dc0ea-c05d-4820-af23-3c54273767c0,ce647b7c-8915-4ea1-8d83-6ef54bb9c6fc
ec6f4e69-e981-4ce1-858c-484fd6efa1b5,7598acec-8850-4df5-9540-21c52321d6f3,f543b3a2-9409-4ba5-be23-75834a916962
ab70b52a-d1a1-49cb-9b34-57d399a795f9,65841ed6-c34c-4e89-a1f2-7163a6421bd4,e0bf4d77-0c3f-4719-9e6a-dc8331815e34
7f3ddd9b-719b-4c31-ae1d-9952f0d6dfe8,e20c34e6-101c-4f60-9498-c4fc01978be0,7bbb139c-ad03-485d-b85d-85d1bbfa8574
673b51b5-057c-418a-8ce0-e632f9c5350b,6aa44503-13d7-4511-b95c-35cd757b0ea4,f1b56583-8a27-4a07-89d1-ded18794bbb6
cc894ce3-bb6d-475f-bd7e-a967f79040e2,111c819a-7d74-4766-84da-032f329c9430,4ab5ff88-33ed-4ea9-9290-abbfc2494cfe
536f029d-4acd-4711-a97b-e4d493621af7,f1212cde-05ed-48b3-8bd1-46bd32188ce3,f543b3a2-9409-4ba5-be23-75834a916962
6c721580-cb15-4c71-8c35-b08118bfd99e,ce416511-ec6b-44b2-bd8f-6cc2ee874811,6f824654-92e5-411d-84f8-6826e065d0d5
bbd4b655-5249-4033-9251-86ba35813805,17560858-6c2f-421c-ae7f-e32a6b209277,ce647b7c-8915-4ea1-8d83-6ef54bb9c6fc
b235d829-00fd-4e2a-bbfe-e74d2a06b317,5a4f3b82-f543-4621-bd2f-77a441163563,4ab5ff88-33ed-4ea9-9290-abbfc2494cfe
0908b876-5ad3-461d-b979-057af3c55b5a,470730b2-df47-40fe-9c29-fff84dc4b549,ce647b7c-8915-4ea1-8d83-6ef54bb9c6fc
feeca4be-679a-4fe3-b8f7-3b1c9acece33,f977458b-7115-40a9-8086-5e74e9ad962d,930e526b-b9f3-4261-ac97-2f84a00fa1a8
f4c25eb5-56fb-441b-9a3a-d22a0f421b34,0b5c4d67-9a81-490a-9fd4-ef000d6a84d8,8fa762e7-4898-43dd-a72c-253a043cc84c
c7f8a516-9b55-4d03-9da5-1e3d98995074,0c33c011-0422-4321-b15f-358ee6ee2ab4,aeaa187d-f30d-42db-8c23-7632f85bacef
8ded6601-1c73-4ede-ab7e-1fadde0e16ec,261cf240-4896-4813-acd8-7d119927a740,7bbb139c-ad03-485d-b85d-85d1bbfa8574
627dbb18-324d-47bc-9fb5-16cae0c5e014,d0219285-c569-4576-b66d-eb6dbb2bbfe3,aeaa187d-f30d-42db-8c23-7632f85bacef
f9ca1ebb-20aa-43dd-b10d-1c18e48a6830,23164f29-1577-4a9a-b21a-bf8feb59d171,aeaa187d-f30d-42db-8c23-7632f85bacef
dc4daa56-71f8-4ae1-a1f7-760e1303bb55,76f64f88-89ad-4dc9-bdcd-19b809ea35a4,930e526b-b9f3-4261-ac97-2f84a00fa1a8
5aacebe1-42f4-45c2-b00b-c6687a83b6e0,7f418fc4-2f2d-4bd8-b359-85808594a4ab,c4af7778-5755-4db6-ac9c-91ab9d850520
b5de8bd4-a9f4-4263-a895-2109862adacf,982df5e5-082e-4502-87f8-7458b31d7f74,b285ccfc-8d3e-48aa-a69f-34ecae62ccb4
5f8cf208-daa0-480c-99af-f212225b5278,2bef528b-67e1-4cf6-b8b8-edbe3e793584,7c975bb6-4238-4014-bac9-cf697e0e2773
b299a8fd-ae14-41b5-b539-16a42d2bd988,67828f16-44cf-4ac1-b84b-20646b669563,e0bf4d77-0c3f-4719-9e6a-dc8331815e34
67bc7503-c907-474b-91b6-bf539c39fdf2,894ea48e-dbcd-444a-ade6-fcba79b3a10a,7bbb139c-ad03-485d-b85d-85d1bbfa8574
c6c73631-fa1e-47c7-92a3-cf5893c38dc9,97addabc-41d4-4c8c-bb14-49cb36f434e4,aeaa187d-f30d-42db-8c23-7632f85bacef
d2adfeaa-68a6-432c-be53-eed5e3a351e3,331d5f50-5383-4a85-9d83-7594e4a1c18d,6f824654-92e5-411d-84f8-6826e065d0d5
df3b9d1a-8354-4a3b-970b-f846c2b6ce9c,02ebd8cc-a4f1-4332-89dd-55353873075d,b285ccfc-8d3e-48aa-a69f-34ecae62ccb4
25fa4057-9172-432c-896d-6f20c539166d,89ad3cc8-f39e-4e29-9555-28fbc3440827,f543b3a2-9409-4ba5-be23-75834a916962
40e76a74-54a2-43cf-84fe-63e174701201,e7726527-2e1b-4176-b08d-b20d2ef8b599,4ab5ff88-33ed-4ea9-9290-abbfc2494cfe
f8173097-0745-4983-91d5-d04ebe7af44c,52b3db0b-12e7-49f3-8345-bf5a54c5dc90,292add5e-c1c5-495c-bfa5-2b352f271219
85866fb4-5cc0-42e6-9b38-119094382945,842872ad-5c4d-4d17-96e2-002eb2b47aa6,d245b380-6572-4404-b809-55eea2daf7d0
541d08ee-d1d4-4dfa-8f50-a320a11551d9,7173622d-80a5-4a1b-82a5-2c94ec65395d,8fa762e7-4898-43dd-a72c-253a043cc84c
1e70896e-8611-4ead-8ddd-27fdfd41dac5,a9056dd6-194d-46c6-b087-0746bf70d390,ce647b7c-8915-4ea1-8d83-6ef54bb9c6fc
c61ae1e1-2a60-48d1-870d-81c92cd3b446,e461cf37-b99c-41bb-9a24-3fe656a86869,8fa762e7-4898-43dd-a72c-253a043cc84c
dd9cd1c8-81d4-4516-a933-3ed92fbaca57,cda2d5c4-183b-4c68-9444-a5b8d0d8edad,e530a804-38d6-4981-9bfe-60f3b4d26da9
b517c5bd-fb43-4b16-a8fc-0a0ab5ceb31c,1f1f3008-1a04-43bf-966a-6fdef76dc77d,f543b3a2-9409-4ba5-be23-75834a916962
121a0cc8-5267-4d0d-9da5-bd8af67e83a2,4fc78552-8d55-40ce-aa32-519504fc9702,e530a804-38d6-4981-9bfe-60f3b4d26da9
6d659212-28cc-4d28-a7aa-bd07787ff0a4,b22b5b77-2c02-4a6f-a20c-0c0b97a59589,e530a804-38d6-4981-9bfe-60f3b4d26da9
