id,name,gender,age,birthdate,address
3b1dd211-55cd-4973-921f-557bb2b83cdc,강서준,Male,26,1998-11-17,부산 서구 37길 13
595204bb-9fd5-4f18-ba28-fcb9766e5b09,김승현,Female,23,2001-12-24,광주 서구 14로 79
253ac656-ae93-408e-9089-7c0676858cbc,장은지,Male,20,2004-07-22,서울 강서구 12로 74
b7bb1c24-d5e1-47fb-a04e-f954ecdae0db,장승현,Male,47,1977-09-30,부산 서구 58로 58
d28f2f5a-2b32-44d2-823c-220158452abc,최아윤,Male,15,2009-01-14,부산 남구 70로 46
4fe79700-0b8e-4cb3-9f8c-8e3fe9653164,김아윤,Male,59,1965-12-10,대구 서구 92길 56
d1ea1743-65b3-4e13-973f-62e2dc4b1205,강지민,Female,49,1975-01-08,서울 중구 42로 25
6d8f2c7c-0909-4a04-ada9-8aabd8795618,김지우,Male,30,1994-03-15,광주 강서구 82길 83
1ac91284-e6b2-4262-8921-a99896370eb9,조지호,Female,57,1967-08-16,서울 남구 83로 86
c414bc45-b0df-428f-905e-96b8a0cb42b0,이서준,Female,34,1990-01-01,부산 남구 81길 49
eaa246b5-0ca5-4d20-9ac6-537b2561c8f5,이예진,Female,15,2009-04-26,부산 서구 60길 5
d859baba-4658-4988-9940-24dd92fde67c,최지민,Female,34,1990-06-07,부산 중구 37로 11
31eb54f4-5905-4986-9a7b-508fc30cd610,장지민,Female,46,1978-11-25,광주 서구 73길 84
5bfb93af-3775-4c67-b9a2-eaaea31d4b13,조시우,Male,31,1993-07-26,대구 남구 52로 17
d2dd3bef-a793-46be-b970-1cd39954ac67,조지호,Female,36,1988-11-14,부산 서구 67로 44
07ea8580-c1a9-44e8-a9b9-15a8ebdef1fc,장지우,Female,20,2004-07-12,대구 중구 87길 2
0f72550c-806c-4b38-97c6-52fd0081f412,조예진,Male,45,1979-03-31,대구 강서구 10로 18
eb989177-f067-4dbc-9b5f-fb25bc1fd216,장하은,Female,18,2006-10-05,광주 강서구 39길 84
0f1db05f-81a4-423a-803e-3c8d21722c2d,박준영,Female,49,1975-07-15,부산 강서구 2길 13
ce644da7-0b90-4418-965f-69a86b5bee41,최하은,Female,59,1965-01-15,서울 강서구 67길 29
0e32e8b0-e126-430f-958d-c869c3da79a6,이준영,Male,23,2001-09-22,광주 남구 94길 70
35c74ed3-d4f3-47d3-9039-9836bc4064cc,박하은,Male,49,1975-11-25,서울 중구 49로 83
bf0907b8-ebde-417e-bee7-15c39aa4ad04,최서준,Male,40,1984-10-30,부산 서구 72로 2
683be174-2537-4696-942e-cd6af44a9574,이은우,Female,22,2002-04-24,광주 남구 79길 62
fd35833f-88b7-4eb1-a21e-3b950111c374,김지민,Male,28,1996-07-01,서울 중구 99길 43
f29cd739-25fb-4e26-bed6-152826b2cbdb,박하은,Male,60,1964-11-18,대구 중구 13로 18
a5ab3256-8734-4421-9d28-439da9f73327,박은우,Male,29,1995-08-30,대구 강서구 62길 28
a79c983a-7a18-4702-9b69-87bf35e08782,조시우,Female,29,1995-08-24,대구 서구 29로 45
85b2012f-8cc4-4399-8770-d1b3e2abc0a9,이하은,Female,25,1999-06-11,부산 남구 63길 55
0fbcb675-ea14-42b1-98ec-d2c060713d2b,박지민,Female,23,2001-01-16,광주 서구 33로 2
40384d97-d866-4836-9454-d6b18d7a6662,이지호,Male,22,2002-02-21,서울 중구 47로 19
1edfa191-cce3-49bb-b0c4-1b0aeb157c5a,조시우,Male,37,1987-10-12,부산 서구 99길 11
d49fab11-bce6-443f-af73-881c7b2ccb8a,최서준,Male,40,1984-10-12,부산 중구 59로 16
527e9c24-d937-4d9c-8e0e-b22b4cd73d14,박하은,Male,34,1990-10-18,대구 강서구 44로 68
a1c64240-07fa-4c80-ad9e-54d7770b5989,장지우,Female,58,1966-08-18,광주 남구 4길 22
805455eb-fafe-4302-933b-fdcef70bb8f0,박지유,Female,49,1975-07-14,부산 남구 3로 58
de8d8c01-a525-4046-bd51-94f7f94bc6cb,최예지,Female,55,1969-05-25,부산 서구 93길 60
a3e72de9-4170-439a-886d-3fc92f40e859,김지우,Female,24,2000-11-28,부산 남구 96길 9
c21bf677-3970-4cfd-b041-018e249e81f7,최지호,Female,38,1986-06-12,서울 서구 58길 39
381b30c9-6d8a-401b-97c0-4b229d2e6098,김지민,Female,37,1987-08-11,부산 중구 18길 83
cc6c0b35-bb99-428a-ba9e-2f991933ff9b,이시우,Female,34,1990-07-11,서울 서구 9길 18
a93d39f3-029f-4aeb-b258-8495c9fb1607,장시우,Female,35,1989-01-25,광주 남구 86길 36
c586d8d5-104e-44ef-a06b-5d448c0e2a2d,김하은,Male,31,1993-03-01,부산 강서구 71로 37
e9a2f90f-aaa5-430a-bda3-dfe0e4d11cea,장지유,Male,39,1985-09-28,부산 남구 74길 60
9dcdaf5a-2953-4305-8712-5f7843b76e6b,박승현,Male,16,2008-07-21,광주 중구 29길 97
7a4aba13-fbed-40de-b6ed-3477a5e76fe6,김은우,Female,61,1963-05-23,서울 강서구 72길 31
fe7c1e59-6092-46f8-a14a-efe2caa374ef,김은지,Female,38,1986-08-20,부산 중구 70로 58
e752c991-f11c-4a7f-8ae7-b6a85ca7bb4a,박승현,Male,63,1961-03-25,광주 중구 2길 78
eff49b76-2c95-4290-a074-9ac5d81a5158,장지예,Male,49,1975-04-09,대구 서구 8길 39
d0a8ef36-a83d-46ce-b368-6ea17efef658,최아윤,Male,14,2010-02-15,부산 중구 3길 60
bbc0c6dc-fb65-4fe6-8bc1-ec205c361e9e,장예지,Female,20,2004-09-05,서울 중구 57길 46
11de0591-42fb-4e41-a748-3f2abb38d3d9,김예진,Male,29,1995-09-14,부산 강서구 24길 11
e31cc5d5-94ac-43f2-85cf-786c7224519c,박은우,Female,64,1960-04-28,광주 강서구 30로 65
ef4ffef3-37c8-46c6-a756-d0be4bbeb5ed,최지예,Female,15,2009-10-06,광주 중구 18로 18
a6c52af0-dabe-4a3e-9674-61dc99f0c7b6,김하은,Female,18,2006-11-18,대구 서구 3로 86
dc57e798-f2c7-4a61-bf69-5cf7e27a77c1,강지민,Male,26,1998-02-28,부산 중구 56로 71
36f0e354-2841-495c-a0e9-de8d0c86f638,이하은,Male,49,1975-01-19,대구 서구 78길 88
3a155f5f-133d-4185-9da4-325c91670cbc,강지호,Male,44,1980-08-02,대구 중구 70길 96
a8557df6-fa40-433f-899e-47baa63e084f,최하은,Male,57,1967-11-25,서울 강서구 91길 10
69e8ac80-23d0-4f07-990d-0739004ba7a2,박지호,Female,32,1992-05-02,부산 중구 4로 33
e13f2b90-d5d5-4a94-9e12-b5d86cba909b,강은지,Male,64,1960-04-27,광주 강서구 86길 73
0a457599-7f2c-487e-a078-3732a7bc527d,조아윤,Female,47,1977-05-14,부산 중구 55길 62
c189646f-12fd-42c3-8bbd-c5cafd7583a3,장하은,Male,50,1974-12-08,대구 서구 98로 36
97de1fec-3841-4d60-9c42-e53c97d24c77,강지우,Female,35,1989-08-03,서울 중구 20길 82
a1b89203-e3e8-4b9a-9a97-2122b21f8287,최서준,Male,56,1968-07-19,서울 남구 52길 6
f7cfc719-41d9-40b7-96f4-52e644db0534,이아윤,Male,19,2005-06-22,광주 강서구 26로 18
ff6eb682-7707-46fa-b27a-ce95deaf5cc4,최승현,Male,59,1965-06-28,서울 강서구 43로 73
895abfbc-bfb9-4add-8f8f-f22b87bde0ca,이서준,Male,28,1996-11-06,광주 남구 83길 33
bce0edcc-dc02-42ed-a67f-972bbf565d84,김서준,Female,16,2008-05-16,광주 중구 95길 68
3268a2b2-278d-4bf0-a9d2-989ae92ded27,김지예,Female,21,2003-01-32,광주 강서구 77길 37
307f86bd-8c77-4152-b5ce-fb0bd90b2652,강시우,Female,62,1962-04-23,부산 강서구 63로 71
5265d496-c781-43e4-bba0-09f107f19109,강은지,Male,47,1977-10-25,광주 서구 16길 45
796f3423-5088-4db2-a427-1c533ebc5e6d,이지예,Female,38,1986-05-29,광주 서구 56길 81
63c327ee-fa77-4a39-9a98-caf6a9277158,김지민,Female,51,1973-08-29,부산 서구 39로 26
f0cb5536-690d-43f2-90b2-8d1d40970267,박지민,Female,49,1975-08-23,서울 남구 47길 97
c07f50b7-dce1-4170-9115-e41662e1b1cd,박승현,Female,27,1997-06-21,부산 남구 92길 23
e5ff04a8-ec9f-4022-9c67-ef8060d0e872,장은지,Male,16,2008-01-28,광주 서구 32로 15
3c01e878-6536-47a9-bfe4-6d970fced492,장아윤,Female,15,2009-06-27,서울 서구 4길 83
025f78e5-78c1-4994-8d7d-9217910cee54,박지유,Male,43,1981-06-07,대구 서구 42길 48
e470f7c4-321f-4de9-adff-8572c1beae4f,조시우,Male,59,1965-03-32,대구 남구 92길 10
e353f33f-bf33-4f3e-844a-5acca0b22967,박지우,Male,42,1982-06-13,부산 중구 8길 12
fad96ec5-3152-4b99-8046-2e2355e0821a,조지민,Female,56,1968-03-12,광주 서구 41로 54
67f939ba-0828-4caf-b6ae-49e0ab099330,조하은,Male,62,1962-02-16,서울 강서구 42길 58
7476b154-446e-49b6-bcee-b01ca15ee428,강하은,Female,49,1975-10-13,부산 중구 23길 35
f694e285-75b7-4af4-9cf0-159f35777c48,강준영,Female,55,1969-09-06,광주 강서구 80로 51
28e0a910-5506-4f8a-9461-0d51f68f9312,박은우,Female,20,2004-03-18,광주 중구 49로 1
c07879d5-055a-4007-b886-1022cabcdaa3,강승현,Male,29,1995-06-17,부산 강서구 97길 47
d66a14d8-8298-4258-952e-50a88e24fb00,강하은,Male,48,1976-01-06,서울 남구 24로 13
6c620c3e-da4c-4722-a8b7-462df13b8d6a,강지예,Male,22,2002-03-15,부산 중구 61길 83
3b7b5d26-255c-4acd-b914-3751c3205505,강승현,Female,39,1985-03-09,부산 중구 26길 61
ee89e181-576c-4e88-b20b-910535f8f2ae,김시우,Male,24,2000-05-08,대구 서구 66길 47
5b2a44ea-b5e3-4326-8bbb-c910f1a7f38d,이예진,Female,47,1977-01-03,서울 서구 81로 11
5640fad4-7a90-4cf5-9b54-9b74f9f32ae3,김승현,Male,55,1969-09-11,서울 남구 44로 15
275c8e79-8f52-447b-b0f0-617050455ec4,장지예,Male,58,1966-10-02,대구 중구 37로 28
29bea205-cfcf-4c52-b4e5-2e3c4ca1bff7,조지유,Male,62,1962-11-12,광주 서구 80길 3
9ddf05a5-1166-4371-95c9-16feb4207328,김지호,Female,33,1991-11-14,대구 중구 17로 99
65403883-b58a-497c-8e81-f930852f7314,강하은,Female,20,2004-01-29,부산 중구 37길 28
347d8775-2d87-4208-af9c-5ed2e4eff7c7,강지민,Female,20,2004-04-04,광주 중구 15로 12
ce4a72f8-ba82-4362-8084-0bec1750be4e,박하은,Male,62,1962-04-01,서울 남구 16길 71
883ad9c7-e2de-49ec-9321-9954d1e6d32f,최승현,Female,46,1978-08-10,대구 강서구 68로 87
20619e85-22f6-4a7e-915c-a6d49c1c76c5,김지유,Female,30,1994-04-24,부산 강서구 95길 17
2c693481-ae93-4d87-9cce-523a95d6653a,김지예,Female,47,1977-11-19,대구 중구 59길 17
9dd1c1a4-b5e7-4e4f-83d3-7834dc2a3d7a,김예진,Male,17,2007-02-07,부산 서구 14길 51
21b4c3a1-de20-4542-9153-72664e3e5519,박은우,Male,19,2005-07-07,광주 남구 44로 10
8f9e8964-1367-446c-9a22-5560aab8f663,조은우,Male,24,2000-09-06,서울 중구 94로 14
9f673e71-d94e-41fb-8a01-3b67c322402c,장지예,Female,34,1990-04-20,서울 중구 61로 87
ffa22d93-3201-4082-80b5-540cbf184260,강시우,Female,34,1990-06-01,광주 남구 96길 87
1540b6d6-f253-4113-80aa-0f50876b5036,김아윤,Female,36,1988-04-03,부산 강서구 61길 43
fa7c046a-6b98-413f-a2f2-58e751e445b8,장준영,Female,31,1993-08-10,부산 강서구 85로 97
5eaa5ad5-fac4-402a-8578-22dd342482dc,이지민,Female,42,1982-02-27,대구 남구 8길 38
cee88d28-4d32-4260-a09a-0c0f073833ae,강은지,Female,56,1968-01-30,대구 강서구 84길 48
adc4dfab-7a0a-4038-90f6-45d53f8d570e,박아윤,Male,19,2005-01-24,광주 중구 57로 90
3e7e275e-246e-4409-a49b-85a6fbb530ed,장하은,Female,42,1982-12-28,광주 서구 96길 62
5bbeb091-5415-4ea2-aabf-8e6245143533,최아윤,Female,46,1978-04-07,광주 중구 51로 26
76ba8b56-2ef9-4d2b-843e-1d7ede7447e0,박지예,Male,47,1977-12-18,부산 남구 61로 30
6f7b0e6e-f686-440d-897d-a945ec0ff184,조하은,Male,43,1981-02-02,광주 서구 6로 73
2a18a75d-8499-47f9-9ca0-1750bd2e8307,최지예,Male,34,1990-03-08,광주 강서구 9로 48
bbb3ef7f-19be-48e4-b9e3-035bafe9f1f5,이준영,Male,60,1964-08-05,부산 서구 31길 21
dbf14143-d183-4f6d-81c2-72abfe6071c3,조하은,Male,37,1987-05-26,광주 서구 19로 57
83ea0f4e-4415-402a-a06a-593bf1656c42,이하은,Male,36,1988-12-27,대구 남구 28길 54
d329946c-8b65-436b-92d9-0e6954ad3da1,강서준,Male,17,2007-06-09,광주 남구 46길 67
8c4c42a5-75cf-4454-8553-f41256d6415b,김은우,Female,19,2005-07-01,부산 남구 31로 5
4234ac05-463c-4a57-be09-fc8330405ff7,강예진,Female,24,2000-01-20,서울 강서구 83길 19
8940a38e-7d32-4e11-9a3e-69c67543f21d,장서준,Female,37,1987-12-28,대구 강서구 75길 99
2e5d2b66-3ffd-4921-8e0b-3f0b0346aedb,강하은,Female,53,1971-03-21,광주 강서구 27로 71
4de4aa0c-e9e8-4b90-9fd3-f2ea7f52a440,조시우,Male,62,1962-11-05,대구 중구 11길 77
a43e0b74-52e4-48b6-a28c-f18a9b8abb83,장준영,Female,31,1993-09-01,부산 서구 69길 86
63ebdcac-d2c4-45ee-9134-a785958bb00d,이지우,Male,29,1995-12-08,대구 중구 94길 28
820a05fc-1be3-48ec-8739-cdd0efac101b,조하은,Female,22,2002-01-30,대구 남구 62길 20
cd0863da-0f86-436c-877c-f446fedeb383,장서준,Male,46,1978-01-19,서울 남구 76길 69
4e04bf36-4f34-4749-9bd1-21f2d6a21492,김하은,Male,31,1993-04-25,광주 강서구 87로 63
563792fc-7a9b-4967-9c77-6723a1f21317,장지유,Female,37,1987-10-08,광주 남구 98로 37
31d38573-cb2a-455c-b1f9-cc5690285ff2,이지민,Male,50,1974-12-08,광주 중구 84로 39
2e9f4a4f-d1cf-4cf7-b392-7f55764fbc62,김시우,Male,62,1962-10-06,대구 강서구 69로 31
873b2c79-591e-466a-a664-ac4e47ba6237,이예지,Female,36,1988-07-31,대구 강서구 56길 59
dc5366b2-143b-4fab-9176-c4035e9db93e,강하은,Male,42,1982-09-28,서울 중구 29길 49
6e160466-bbaf-42f4-84f5-cceba220dc24,김시우,Male,44,1980-09-17,부산 남구 44로 4
b78036d8-34aa-4018-923d-3622eb9244be,김지민,Male,59,1965-11-29,서울 강서구 83길 46
eb51e0bb-4092-446d-b5f8-71f4d03d6765,김아윤,Female,62,1962-04-22,광주 서구 45길 81
c3e71704-c1c5-443b-a050-3e764196bc40,최은우,Male,48,1976-05-29,서울 서구 56로 78
67b22315-79c5-43e1-9400-afe420026532,박지우,Male,43,1981-02-15,대구 강서구 77길 82
6b09ed03-3f94-4883-aff9-e67a50fbc9df,최지유,Female,34,1990-08-22,광주 강서구 11길 45
86df10d2-ab56-4b71-accc-d3796e03e5ef,박예진,Female,50,1974-11-25,부산 중구 70길 57
6fc5bf7c-700d-41de-9b60-53a8460177ac,장은지,Male,36,1988-05-19,광주 남구 59길 99
3660dc96-6e18-4ab6-9c75-413b6e1c8700,최지유,Male,32,1992-02-01,대구 강서구 42로 79
546390a4-30c7-4a64-a4fe-3c51874bb627,김지우,Male,44,1980-04-03,서울 남구 41길 27
4abe61ac-9dad-4596-b9d6-3c317127fa8d,장예지,Female,45,1979-01-24,대구 중구 48길 88
1c2c9959-4df6-4e2f-bb86-bdeea1f63fa4,이은우,Female,20,2004-08-27,광주 서구 94길 77
b6d5a239-9230-4c9c-afff-42adc7d85c6a,조은지,Male,50,1974-08-22,부산 남구 73길 30
b0bca798-3740-4fae-bab8-7b425b494782,김하은,Female,30,1994-11-31,대구 강서구 62로 76
b7557bf7-d72f-474c-8816-1ae887a14ff5,김서준,Male,37,1987-05-05,대구 남구 86로 66
eb2571ff-9f4a-4c12-b568-e064917c2284,강은우,Female,56,1968-09-18,부산 남구 40길 56
b6ca4b35-5e10-450e-ae5b-eeb922b67a67,장지호,Male,42,1982-05-01,부산 강서구 64길 37
71ec318a-c4e5-4bd8-8f25-9af928e79a76,강지민,Male,39,1985-02-10,대구 강서구 28길 4
cec0c3a2-8a68-4a1f-8691-bade9b97d615,이아윤,Female,23,2001-07-20,서울 강서구 24길 71
1baabbaf-8518-4998-b3ef-80ff49f06c44,이지호,Male,38,1986-06-22,부산 서구 39길 3
f6504d99-0088-4bfe-98c9-eb9be474f339,장예진,Male,60,1964-08-11,부산 중구 29길 68
8ed4c1f7-c1a7-419a-8811-674ca3b99d28,강예진,Male,59,1965-05-09,대구 강서구 74로 40
06462589-821a-4816-a82a-411a99ceaaf2,강예진,Female,16,2008-01-10,부산 강서구 18로 45
571ae508-d494-4b78-a376-176bc5a26306,최은우,Male,39,1985-07-10,부산 남구 38로 5
a0297344-37a6-4fee-b804-25e1a00085bf,박서준,Female,52,1972-09-18,부산 중구 71로 4
69aed0f5-d532-4514-aea4-b832961f7cb5,장시우,Female,43,1981-04-01,광주 서구 22길 26
219c0d46-115c-4eda-a498-8b3fd387f971,조예지,Male,51,1973-09-12,부산 남구 6길 42
be701938-9d2e-4bff-aba5-dca7a430d589,김지예,Male,16,2008-02-16,서울 남구 81로 87
5e4eb713-e24e-410a-954a-67fbabefcdba,박하은,Female,50,1974-03-26,대구 중구 62길 56
86ccceda-8ec1-47f0-b07f-e59f04514625,강하은,Male,20,2004-06-09,서울 남구 97로 51
8fbe4f32-407f-421e-a8c2-d5bea6545d8f,김지호,Female,39,1985-09-15,부산 강서구 12길 70
eff1a43d-3c3f-4eea-9e41-74ce641b1dd8,강지예,Male,19,2005-11-22,부산 남구 70길 45
ac9bb790-de17-4f9b-a41d-051baf1fe935,이지예,Male,18,2006-12-16,광주 서구 51로 69
d81fe7cd-dd01-498d-a991-14d950334cfd,최시우,Male,46,1978-10-09,대구 남구 32길 47
607eba60-5c70-4e2f-9dcf-3a554efa90bf,최준영,Male,19,2005-10-23,대구 남구 55길 52
06071c4e-226c-4897-82a3-45889fbafc1a,김하은,Female,17,2007-09-01,부산 강서구 69로 66
40eae3e9-7547-4888-b683-8188a3f97c0f,강지민,Female,37,1987-05-04,부산 강서구 94로 41
13af91ae-f673-4aad-93ab-f1cc47933cee,장은지,Female,23,2001-11-17,부산 남구 39길 26
618cbd2b-bd87-4449-a1bd-01609f84fe20,이지민,Male,48,1976-06-06,광주 서구 11로 90
8f4c6edc-3a1f-4231-9b01-248f9daa3439,이지민,Female,44,1980-08-21,광주 강서구 32길 10
9f004804-e190-418d-ae8b-60e48fddf2af,박예진,Male,44,1980-06-12,광주 서구 9길 84
ff134186-3db2-4387-a6e6-7dacb5481e7b,이지민,Male,59,1965-02-25,서울 서구 49길 38
3fb06921-386e-4e38-8814-619372758b9f,강하은,Female,53,1971-04-10,서울 강서구 12길 83
6f12dbcc-5946-40cb-9f88-a6b35b3bc9a1,장지예,Female,30,1994-01-18,서울 강서구 83로 93
a0000fc8-1a2b-4843-855d-07fcdf2bf456,이은지,Male,20,2004-07-31,부산 중구 76길 80
aeb19924-2319-48c2-b0de-9c7ff5531744,최하은,Male,40,1984-10-07,서울 남구 93길 79
7d63ce2c-5acf-417f-9287-3f8f94651b28,장하은,Female,41,1983-01-12,광주 남구 83길 81
bfd2773b-3f95-46ce-baa7-07751381a686,이준영,Male,45,1979-01-01,서울 강서구 71로 64
f7b02b55-9044-4a51-bc57-1f8b93625504,박은지,Male,47,1977-10-09,부산 강서구 40길 28
81bb9eb4-5fac-478e-a72b-47a75a215b21,이지민,Female,40,1984-08-27,서울 서구 49길 21
735dad4a-059c-4c70-99ea-83794364d2ef,장은우,Female,28,1996-07-18,부산 강서구 63길 26
bea7ecd2-9a2e-4df7-972d-ff25f8fa8ff5,장지우,Female,57,1967-02-11,광주 중구 96길 95
3f080bf8-600f-42f4-9243-8673f0dac607,이지예,Male,59,1965-05-03,서울 남구 86길 2
4d8c9cdb-04e7-4bf1-898e-485a32c76d61,조지호,Male,15,2009-04-11,대구 강서구 36길 4
c11f4c56-4246-4a25-afbf-82fdbd9c4c18,이지우,Male,60,1964-10-08,광주 중구 97길 53
c86a78ab-88ba-473d-a9b7-6c46804b9ec1,장준영,Male,26,1998-02-23,서울 남구 24로 61
67af29b8-db70-4cc6-99cb-b1330da8e5f4,장지호,Male,47,1977-11-29,광주 서구 87로 57
770d113f-c2b4-42fb-b9e1-283d9636acb3,장아윤,Male,35,1989-04-07,대구 강서구 5길 78
47ea79ce-d548-48a5-ac56-21e55655209e,장지민,Male,55,1969-08-21,부산 서구 73로 53
5d1ed265-ca4c-424c-a0ea-db43a864d237,최하은,Female,56,1968-06-09,서울 강서구 81길 99
c7a1950d-fd60-4fb8-a004-3214c86d8512,최예진,Female,39,1985-07-26,대구 서구 46길 57
cc28d3f4-3a4d-48b9-a470-701cb7e3c5ac,강예진,Male,51,1973-04-02,부산 서구 89길 76
a87577b5-42ca-4daa-a3a7-d99f82c03ab3,김승현,Female,52,1972-08-07,광주 서구 32길 40
b642eceb-dd2e-410e-9cf5-d02ff5f3e7b2,최예진,Female,21,2003-08-30,대구 서구 10길 19
40d135a4-1ec6-42a2-abdc-8ff4d324a720,김예진,Male,44,1980-11-01,대구 남구 13로 15
47606221-0965-4ad9-a491-ce9e1bcb198b,김지유,Female,37,1987-03-18,부산 중구 58길 8
3a3c3a6f-24a2-46f6-8ba3-63123cd3e957,박아윤,Female,19,2005-06-05,광주 서구 24길 1
270ea45a-ef52-45ae-ae40-d46b51c76742,조준영,Male,57,1967-02-23,대구 강서구 68길 34
514a879d-2cf6-4816-8da9-76e78b0de8ee,박아윤,Female,58,1966-02-22,서울 강서구 11로 12
402e2f4e-b944-496b-a010-cda6837c5dac,강준영,Female,57,1967-04-07,대구 강서구 8길 52
723c545c-ef89-4b02-b21e-74cbe6032bae,김하은,Male,21,2003-11-22,대구 중구 16길 65
51882e78-e128-4167-82c0-b9d70c7197b4,박지민,Male,30,1994-07-21,대구 중구 24길 9
e6cbc45e-d04e-4e3b-8c9b-ab4e581f6a8e,조은지,Male,49,1975-11-20,대구 서구 36로 11
0244193c-f478-4001-b11f-1fb5c6acbb3d,최지호,Female,15,2009-01-04,대구 서구 19길 93
743e0b72-fcba-4816-a363-16d1a3b30344,박지호,Female,55,1969-08-02,광주 서구 78길 60
b3cb7f99-be59-4334-9e43-3b5a0b0660b9,김예진,Female,37,1987-06-18,광주 서구 10로 21
90fef8db-6854-48ce-ab1f-c67e5d3fc356,김은우,Male,27,1997-04-26,서울 중구 80길 12
aadd5dff-489e-4203-811b-c3164281d9ab,김하은,Female,48,1976-09-30,서울 남구 7로 7
7c9f1f0c-bb74-4eb4-a060-f5251f284644,강지민,Female,26,1998-08-30,대구 남구 58로 8
30aaf49a-1ae9-4ea9-9f25-cb9bf76c9525,박지예,Male,43,1981-02-12,대구 남구 63로 6
a6da5a7a-5039-48b4-89d9-0ff604356f1f,이하은,Female,28,1996-09-22,서울 강서구 98로 55
fe846dd9-c620-4577-aa4d-21db22e3cdb9,이하은,Male,43,1981-11-10,광주 중구 83로 12
37ab5334-b0ff-419a-ad81-e3326bc5d01e,강지호,Female,21,2003-09-02,대구 남구 98길 51
2ed96ea2-85d8-4ebc-84ad-39bac15f64d9,조지호,Female,58,1966-11-05,대구 강서구 53로 22
35ffa8e9-d36b-4f46-9fc7-59d30521f09a,조시우,Female,59,1965-01-03,대구 남구 34길 45
51f26660-38a9-4dd4-b6c1-7fd3c08bd3f3,이하은,Male,28,1996-06-02,광주 중구 47로 19
e871b38b-c9a3-4842-81c6-63fed1b6082c,강하은,Female,21,2003-09-31,광주 남구 72로 73
bd8b237d-6e6b-4af0-83db-c319d395087f,박지민,Male,54,1970-12-20,대구 중구 32로 37
b7ed4588-ae27-4341-85c7-cb128756c58e,김하은,Male,16,2008-06-18,광주 서구 62길 47
d45a17d6-e2c9-460c-99df-a5d17cd45cdd,조예진,Male,62,1962-03-04,광주 강서구 24로 87
03ce8cdf-4110-47ce-95d7-85a05ba2e111,김시우,Female,15,2009-01-21,부산 서구 19길 72
385a66d9-2644-46cf-9915-79bed2bfe426,김은우,Female,61,1963-10-29,대구 강서구 22길 35
d5b85ec2-64af-4937-9f84-b18797032a0d,김예지,Male,18,2006-03-05,서울 남구 50길 30
466501c1-a0c1-425e-a17f-f60abd08b32a,조지예,Male,32,1992-10-12,서울 강서구 53로 57
54ca2a02-c942-4c73-b153-30dd8dab5630,강승현,Female,44,1980-11-23,부산 강서구 31길 31
c1365ae4-f543-483b-b969-1a1a754d3e9f,강시우,Male,25,1999-08-18,광주 강서구 99길 65
9db8b083-8843-4f3b-ac58-18c0a1f44ba1,장아윤,Male,23,2001-03-13,대구 서구 95로 45
8cebf414-35a6-4b00-b651-68c1c41e70b2,조지호,Female,21,2003-07-32,서울 서구 41로 46
a4069391-db96-4cf8-90db-7c52642118a6,최예진,Male,29,1995-11-24,서울 서구 4로 73
b4c39079-1f9a-48d4-91b7-8d6f6c9507ed,박아윤,Female,32,1992-06-13,대구 남구 42로 23
3e5a6df9-a13b-4fe5-8ee0-6af8b47666ce,강하은,Female,34,1990-12-02,부산 남구 7길 75
9ddba718-8655-451d-ad41-53bc44f0248e,박예진,Female,18,2006-04-24,대구 남구 22로 21
73c622a9-aefb-4ac9-adda-d7d9d80ac89b,이아윤,Female,63,1961-10-02,광주 서구 32로 81
e6b9e244-abf9-4dec-9613-9b26a02a251f,강예지,Female,28,1996-01-17,서울 중구 29로 6
8ac5063b-e529-4806-8946-66c051042363,최시우,Male,34,1990-10-01,서울 강서구 41로 96
95332ce6-d1bf-45f0-8461-2c52839b4fff,최시우,Male,28,1996-04-05,광주 남구 91길 90
79d5642c-0cfe-4eb9-8374-faedbb52bb7e,조승현,Female,43,1981-08-10,부산 서구 86로 61
637cbacb-e617-4598-8b7e-70f7fdea1a93,이아윤,Female,27,1997-02-05,부산 중구 82로 10
64680c98-7cc3-4adc-b0c4-f846293d6079,최예지,Male,63,1961-11-07,광주 남구 65로 41
ceb9ae48-051a-4575-93c1-f910b5837396,강준영,Female,39,1985-12-27,서울 중구 55길 55
3ea7a075-8589-4622-9f26-7bf1562d297a,김예지,Male,26,1998-10-16,부산 남구 80길 11
7cce8d69-8737-4b8a-94ce-55453ae6ce2d,장지유,Female,60,1964-12-20,부산 남구 67길 70
fdf1505e-ccb6-4ba2-8cdf-04cc0a9040ee,김지예,Male,35,1989-11-03,부산 중구 54로 82
c27836c4-efec-4da0-ad0c-9e17c3b9bf41,최하은,Female,14,2010-08-05,서울 서구 93로 18
4f65d722-376c-479e-865d-98ef36946143,강지우,Male,56,1968-04-17,광주 중구 55길 53
77ba108b-8f3e-4182-abe4-f066d54c79cf,강지호,Male,53,1971-10-21,서울 중구 90길 87
5aaded8e-4dd5-441b-9091-a58cd5b2b878,강은지,Female,37,1987-11-08,대구 서구 13로 51
c3110238-0300-496a-a708-e0b43b799a71,장지호,Male,54,1970-01-10,대구 남구 83로 32
300ea7c9-37bf-4a44-b03a-c44abc02f175,이지우,Female,20,2004-02-12,대구 서구 19로 81
a3cfc80a-3937-4a83-a70f-144b6cd51cb9,최준영,Male,64,1960-12-24,부산 서구 64로 99
fd5ffdcc-27a0-452f-82d5-7657a9d61890,김서준,Male,16,2008-06-08,대구 서구 54길 47
facb9154-382b-4218-ab2c-2d275935db09,이예지,Female,47,1977-07-25,대구 중구 27길 11
5e57b9e7-52ab-4dbf-b4be-096d68dd9dbf,강준영,Female,52,1972-05-03,대구 강서구 40길 26
63bcc30d-b514-4643-b093-165324a49290,박지예,Male,19,2005-06-18,부산 중구 22길 37
79758719-aade-420c-9be4-def06ebd0f5c,이지유,Male,34,1990-12-15,대구 남구 59길 43
0a20cd10-c9aa-491d-b89c-d4dceb54bf49,박하은,Male,28,1996-03-23,서울 서구 92길 85
5b537c32-eba5-403a-aadf-a51975a7e2a9,장지민,Female,29,1995-11-29,대구 서구 61길 9
30cb0324-fa50-411d-8dcb-0257f039baff,최은우,Male,42,1982-10-31,대구 중구 6로 27
c433bf42-d4a0-4e6a-879e-130563e94593,박하은,Male,41,1983-06-06,부산 중구 37길 33
127f27d4-02b4-4dfd-9489-8c921e19ecb3,김아윤,Female,21,2003-02-28,대구 남구 56로 64
ff2cf313-2f70-4fb9-a08c-51a45515290e,최지예,Female,23,2001-04-07,부산 중구 3로 2
97a6de2e-6fa6-4196-ac60-440691bb60f9,김지유,Female,31,1993-11-02,대구 서구 74길 28
c9dba8dd-5d58-4f87-b447-293498b719b2,최준영,Male,21,2003-09-20,부산 강서구 84로 1
3eb5b296-9389-43c1-a13a-bcd6e5c12676,이은지,Female,33,1991-12-22,서울 중구 87로 32
f4fa7d37-d685-4c59-af85-b6346048f293,박하은,Female,56,1968-02-14,대구 서구 12길 40
880eb30b-99ed-48d7-a053-ca8d8eaa7380,이아윤,Female,50,1974-08-02,서울 남구 93길 60
97015f02-8f3e-4009-97b5-26a575bb08f3,김시우,Female,31,1993-08-16,부산 남구 93로 4
95819f50-1c5c-4f5a-9128-87a49e308049,박서준,Female,39,1985-02-21,서울 남구 82로 60
ca383229-3650-4db5-9979-b1f546280f93,박은지,Male,46,1978-02-15,서울 강서구 58길 85
8df7a12d-c806-4016-8657-5bbd8d45f835,장예진,Male,33,1991-10-10,대구 강서구 77로 74
ac44b68b-fa13-4e2a-99a1-3af98057934f,조은우,Male,50,1974-07-10,광주 강서구 35길 34
290600d0-706f-46b9-8807-c4e795df4114,김시우,Female,57,1967-02-13,대구 남구 34길 71
b5479eb6-d63f-4bb4-9125-7e1cb0e4d271,강예진,Male,53,1971-01-15,부산 강서구 26길 96
aa225860-0be1-4d45-9b20-670ed3c573c1,장하은,Male,40,1984-04-12,서울 강서구 94길 95
35bc54b7-1a5b-4cea-8c6b-cdb843b51a3a,박준영,Female,17,2007-06-12,부산 강서구 37길 58
16d489b2-4b01-42ce-8473-a12123a900ee,최준영,Male,60,1964-11-01,서울 중구 97로 42
5938459e-a88d-4e33-be04-4cc4220f35a9,김시우,Female,62,1962-12-09,대구 강서구 96로 62
a1fe2ae1-8cab-4bcc-abe9-be8dd9fbbd46,이서준,Female,30,1994-09-02,광주 강서구 83로 57
16cac05a-c56c-4888-b210-c4030ed5d7b3,박하은,Male,42,1982-09-28,서울 남구 68로 19
09ff3887-e4b9-44b7-b78f-cec01de57d65,강서준,Male,64,1960-10-19,대구 중구 9길 78
ed0c82b4-b177-4ac2-b9fc-1059df5e8f73,강아윤,Female,64,1960-12-28,광주 중구 26길 12
5bf8331b-75c0-48ac-aa16-cc0d1cb689fd,박지유,Male,42,1982-11-25,부산 중구 79로 17
83a4b942-4879-44f1-8424-ab138949f37b,김승현,Male,58,1966-02-03,대구 서구 3길 97
88f8bc15-4351-4deb-95fc-52891bd11c9b,이시우,Male,23,2001-07-01,서울 서구 36길 36
592f16b6-4ffa-4862-a7dd-0ba4ad514fce,박예지,Female,29,1995-06-27,부산 남구 36로 6
6fc4b3cf-4743-4c1f-9abc-297df5ac617c,강시우,Female,32,1992-07-16,대구 중구 25로 55
16f5a65d-f278-4b37-9cf6-cbe0b05ab7ab,최지우,Female,41,1983-11-24,대구 남구 38로 29
31967c49-135c-4f86-905c-749b39f9d372,강예지,Male,19,2005-08-29,광주 남구 48로 23
b59b79ed-0d54-400a-8b59-8f649a986433,박지예,Male,29,1995-02-02,부산 서구 26길 81
cd07a56a-cc38-4200-9978-1af9b14cba73,박지호,Male,37,1987-01-21,대구 강서구 49로 80
23f6ad78-57cd-4941-9edb-191c04d7ad4b,박지예,Female,19,2005-04-17,대구 강서구 87길 78
2cf5cf0a-8679-4d05-ba30-a5cac6ca466d,강지유,Male,16,2008-10-17,부산 서구 81로 73
ca38571f-9864-40eb-869e-1939d39d28e5,장예지,Male,27,1997-09-16,대구 남구 56길 88
5cac8db3-c230-4f53-bb68-f27ee74df42f,이은지,Male,34,1990-12-23,서울 강서구 9로 10
935aa3b9-b882-4c62-bc95-9ba0ffd62c9a,이예진,Female,34,1990-09-27,대구 강서구 39길 88
d3f2de17-0d5d-4015-8221-4c6460b84ce9,장지예,Female,45,1979-09-11,부산 강서구 10로 37
a2196933-06a6-4c38-938e-0beb4bee1c60,김예진,Female,51,1973-03-14,대구 강서구 41로 39
c521b456-0854-40b1-a55f-4abf98ac30c9,최서준,Female,21,2003-11-24,부산 강서구 42로 63
39ead9bf-5369-44fb-bee8-809d265f459e,박시우,Female,20,2004-11-14,서울 중구 87로 55
ad34a27f-0c86-47e0-a42f-2fbcfc2f4669,이지예,Male,20,2004-12-12,서울 강서구 55길 1
40cf8b23-1791-42d9-aed6-aed4b46409c1,김지호,Male,56,1968-04-16,부산 중구 95길 69
ded59748-fc82-4dc1-ab54-e316d552ebcd,이준영,Male,22,2002-04-27,대구 서구 50로 65
72ed4a73-5bf8-4918-90f8-907ba6449683,이아윤,Male,61,1963-07-10,부산 강서구 43로 55
75af6d21-4254-458e-8230-34a037bf7e95,박예진,Male,55,1969-10-24,부산 중구 57로 10
69299121-8331-4b32-845d-f6852d4ba7e3,장시우,Male,16,2008-12-05,서울 강서구 31길 91
431641f7-3cb2-4199-a062-dff982571a9d,강지민,Female,28,1996-12-27,부산 중구 87길 77
4d954043-684c-41d1-adb4-6e46202541f5,이시우,Male,17,2007-06-06,대구 서구 15로 79
763c6f28-5505-4d4b-b7af-dfe757f053df,박은우,Female,59,1965-07-29,부산 남구 12길 49
08f61d33-fe8e-4037-8733-9bdc4c6e24a2,강지호,Male,62,1962-09-14,부산 남구 10로 43
155ffcd8-5bf5-472f-b00c-1f556bcabb8d,박준영,Male,34,1990-05-04,광주 강서구 5길 61
647da3f0-ab95-4281-9a37-b5a9ce4754de,조지유,Male,48,1976-05-25,부산 중구 10길 9
0b6e9c80-36f4-43e6-a9f4-ece474501847,최준영,Male,59,1965-03-15,부산 강서구 39길 30
ec95ef70-bbf3-4984-95ef-fa6f5572b95c,장준영,Male,37,1987-08-12,대구 중구 36로 73
cc07f8d8-2e07-4768-8e11-9199e34e46ad,장시우,Female,59,1965-07-09,부산 강서구 75로 62
43d7815e-d335-4c95-b3f0-6ade6e53c43b,강시우,Male,45,1979-08-26,부산 중구 4길 4
1682ac15-6366-49fd-b477-520767374187,강은지,Female,14,2010-04-12,광주 서구 2로 93
ea3db232-4b0c-4589-adfc-ce2c81bd4672,강지호,Male,31,1993-08-29,서울 강서구 17로 6
e929b9ec-7e81-457b-991a-2450f91c2ce7,장지민,Female,43,1981-10-23,광주 남구 90로 12
9696be68-95e2-4021-b9ee-6b94f2124073,장예진,Male,27,1997-02-22,부산 서구 60길 41
42bbe428-6f1b-457f-a847-3abd49fac8a9,조은우,Male,16,2008-05-25,부산 강서구 83길 45
095f3b3e-6980-4235-9fc7-9c7a843c1ae0,강지예,Male,23,2001-12-12,부산 강서구 82길 95
c83fe437-0aea-4808-b6ca-ea12240e0e13,장서준,Female,38,1986-01-08,서울 남구 79길 69
b27dd6dc-754c-4608-a476-63bca9cfafb0,박하은,Male,29,1995-06-21,서울 서구 39길 68
cecdbc4d-7dbf-4a34-a358-ed51410d0b02,이지우,Male,16,2008-11-26,광주 중구 34길 22
4e548de3-6103-4349-b722-ed8c54d8df77,김예진,Female,20,2004-04-01,부산 남구 39로 66
5a743c97-9017-4ffb-869c-3dc6748d5719,김지호,Male,43,1981-05-21,부산 중구 63로 5
070063c3-a71c-4c66-9b99-7f2998b9be01,조준영,Male,41,1983-01-02,대구 남구 8길 6
90843975-95d4-4f69-8953-36228fd8d8db,이지유,Male,53,1971-06-13,부산 중구 19길 91
a365f8ca-1f30-4cf7-9573-0698a22200be,최준영,Female,22,2002-08-32,부산 강서구 61길 8
c4641c73-1115-45a7-8e7e-255713279028,장지호,Male,43,1981-03-14,대구 서구 86길 44
f21ba3dc-1510-4607-be3e-d0f5b4060656,이하은,Male,29,1995-05-25,부산 중구 44로 2
554099f4-5ec7-49dc-a58d-c8cd52341fef,조지우,Female,21,2003-09-29,부산 남구 95로 84
d71ee0e1-6fd5-4113-bba5-c2f979ecbb53,최하은,Female,19,2005-02-26,광주 남구 35로 99
61a10861-3913-4d33-9df7-fef03d9087c0,장서준,Male,40,1984-11-09,부산 강서구 49길 35
9de3bc01-c33f-46da-be73-0738ddad68c0,이예진,Female,58,1966-05-30,서울 남구 14로 17
af3902f1-8b90-4ed2-9d21-f0ac5531ab5a,최하은,Male,49,1975-03-06,서울 강서구 37길 89
f00921d0-c38b-48b4-abc2-d0e60ebffabf,이승현,Male,35,1989-05-15,대구 남구 62로 77
b7b3050b-9ca9-4515-8c9e-a2c188bdad50,박은지,Male,24,2000-08-20,광주 강서구 47로 19
cb8afed9-b6ef-4173-a2c1-892dbcbddb88,이지우,Female,48,1976-04-03,부산 중구 72로 4
33e09280-6c01-4538-85e1-ac343b3d9ebb,조지예,Male,14,2010-06-15,부산 남구 47로 43
c8144979-d3fd-49d6-a9ed-d67515ecdaa1,장승현,Male,29,1995-01-14,서울 서구 59로 39
dc93616c-119b-4c1f-bcea-ff5169e2f099,박지유,Female,34,1990-11-31,대구 서구 99길 27
eac5b5b0-6cdb-41c5-8fe3-c3137ad427ee,조예진,Female,21,2003-07-21,광주 서구 9길 85
085abaaa-293b-4438-9103-7e5064351f26,김하은,Male,46,1978-04-16,대구 남구 59길 24
1a14b1c3-82f1-4db8-a20d-2b8509e7be4d,이은우,Male,22,2002-11-29,광주 강서구 85로 2
db588eab-1f5f-40bf-9237-fa9642d9e8cf,최예지,Female,63,1961-10-18,부산 중구 90로 68
9e09e7bd-52d2-4955-94ca-9d0f4a12046f,조시우,Male,21,2003-03-01,광주 서구 48길 98
298676e0-5749-4fd9-879c-689e8962732a,김예지,Female,48,1976-02-10,광주 남구 9길 64
3319ee5a-3d43-4503-ad35-18bcfcf747ab,장지유,Female,19,2005-09-10,부산 서구 90길 13
22dbec47-a5e5-4082-a4db-0fcf50a3699a,최은지,Female,24,2000-08-19,서울 중구 64로 66
515f44f1-c1ae-4676-93b7-7e43793029cc,강승현,Female,39,1985-06-31,광주 남구 12로 65
294e0db2-094b-41f2-bc53-42a08af18167,박서준,Male,62,1962-03-20,광주 남구 16길 26
f050f9c2-59a3-435d-b003-34a782e0e9f4,이지우,Female,38,1986-03-15,부산 강서구 83길 8
c6f2b28c-e491-4928-926d-3e43b24b7d0e,최지우,Male,47,1977-12-31,대구 중구 8로 31
16154901-ad12-44e6-af54-49205cfaff61,이은지,Male,46,1978-11-11,대구 남구 62길 79
49523e56-67b3-4c75-933c-77104cb3e9c2,강하은,Male,59,1965-08-17,대구 남구 2로 75
8a87cd38-8b2a-41e9-9347-ee13dfe248c3,최승현,Female,51,1973-01-20,부산 중구 3길 5
62a61473-2f30-4fa6-87ad-e1321e150337,조지호,Male,63,1961-07-24,대구 중구 51길 65
0153023f-b23d-4a79-927e-d3510251a0d6,장예지,Male,61,1963-08-01,부산 남구 22로 27
c4fdb3b5-68fd-4714-848a-5411b89b066f,김지유,Female,53,1971-12-25,서울 남구 19길 89
3fcac949-cefc-4c9d-aca6-8a8c6da4c2ed,김은우,Female,18,2006-03-14,부산 남구 68로 98
48a276c9-a5f5-4d75-99e2-8d89fcbdb4b8,조은지,Male,58,1966-06-18,부산 남구 9로 44
16b0bd0c-6395-49f2-b049-0637de7694ae,이예지,Male,51,1973-08-13,부산 중구 80로 78
1243ab71-9386-493b-ae6d-84d8b99f37b5,박지민,Female,55,1969-10-13,부산 중구 54길 51
cda69f88-69d9-4850-afc7-8a0348b313ae,김지예,Female,39,1985-07-26,부산 강서구 56로 35
b474ac61-a1ea-48cd-bf85-59bfd914a771,이예지,Male,34,1990-11-28,광주 남구 52로 64
cdcda879-1027-4d0a-a3e6-83728e14a06e,강지민,Male,35,1989-07-22,부산 남구 23로 13
4db6afe9-ea61-4c49-b5a0-d065d431398a,박은우,Male,23,2001-02-07,광주 강서구 13길 83
7ff24ea4-c8f7-4cef-8625-f10dab6a6de1,박지우,Female,19,2005-08-27,대구 강서구 33길 66
1b759e13-0095-4441-a82e-451a2ded8f36,강서준,Female,18,2006-03-03,서울 서구 89로 12
6523ef6b-4752-470f-a369-3b7bb4ab4a83,강서준,Male,40,1984-05-22,서울 중구 3로 35
ab68f067-cae3-4fb3-931c-3feb5c5987e0,박서준,Male,23,2001-01-04,서울 남구 32로 83
e8893c51-fde4-4bbe-83fe-b56abbeadb56,조지우,Male,45,1979-11-26,광주 강서구 85로 74
ecdea38f-e2bc-4a27-8623-9c90a83b1887,이서준,Female,33,1991-03-23,대구 중구 13길 37
40fd608e-b60a-4ca5-9e58-fecca12e0a9a,박하은,Female,43,1981-03-06,대구 중구 71로 27
2c1ccbc8-a94c-4eef-9454-100e0ca8e50f,이은우,Male,17,2007-12-26,대구 서구 70길 97
afc2089b-56a6-4dc3-acf1-e1dc5d5380eb,최준영,Male,27,1997-05-10,광주 남구 77길 45
acb00e73-8d08-45aa-9b26-47699b8e765f,강준영,Female,40,1984-11-28,부산 서구 71로 26
5d8d005a-9dad-4a12-bf03-73b6cd915d63,장시우,Female,46,1978-11-31,서울 서구 30길 92
40e27a76-7b80-4845-85df-56312a51745c,조지유,Female,53,1971-05-06,광주 강서구 3길 24
da8816a4-2996-462c-a58d-a938728362aa,조지호,Male,23,2001-02-04,서울 남구 2길 38
baf8aef7-3156-4a81-a64d-ba426873840b,강예진,Male,40,1984-06-10,부산 남구 81길 42
43efeda7-f96f-4f76-b079-b922978f3ce4,박아윤,Female,53,1971-06-21,부산 서구 98로 16
f285a067-1210-4289-a097-53702307fd8b,김은지,Male,59,1965-06-24,대구 남구 19길 42
43b5c92e-8f25-4ce3-86da-183d3a793470,이하은,Female,36,1988-09-01,광주 남구 94로 87
199d2979-ce14-4cb8-a57d-c6016f4d5a57,최예진,Female,38,1986-09-09,서울 서구 52로 54
f53b51e7-cb5d-44dc-9c0b-d19b992b2239,조하은,Male,56,1968-04-09,대구 남구 20로 62
5ac9e248-3b4e-40c2-97b2-9a0ca08c1045,이하은,Male,23,2001-06-26,서울 중구 61로 79
8bbe714e-f761-42b5-aba5-dd65701292d2,최지유,Female,49,1975-11-21,서울 서구 19길 56
1be75904-25fe-4f82-838a-178592e1aff2,장예진,Male,47,1977-07-06,서울 남구 52로 83
64bb9662-39d5-4c66-a2f8-55daf8d8cd21,이지우,Male,59,1965-05-17,광주 남구 43로 38
41cf3a39-a9d9-4524-aa01-5954ce7138b2,최준영,Male,37,1987-05-20,광주 서구 37길 58
e2604ca4-1fb0-4273-99cd-a6dbb1dccd19,김하은,Female,60,1964-05-15,대구 강서구 14로 21
a89b9dd0-5c4e-4002-a7c7-47dabbc5ba3e,최은우,Female,27,1997-05-29,광주 서구 58로 62
55fb178e-9a5e-4c75-9f80-a1f9a3db33cf,박시우,Female,60,1964-01-05,대구 강서구 93길 22
aa6205c9-270d-40d6-a1c5-7baed8ff78cf,장서준,Female,23,2001-05-11,광주 서구 42길 21
9fa25281-08b3-4117-a4c5-d15ac39e15e7,강지호,Female,33,1991-07-28,부산 서구 27길 58
3500702c-6308-4b08-8d9f-15586c46edda,강은지,Male,34,1990-12-30,대구 남구 44로 25
d121403e-1d17-439a-adf0-ad9447e27f25,장시우,Female,29,1995-05-20,광주 강서구 3길 78
599ea8c4-a0bb-4bd7-8a5c-99d289189f5f,박지호,Male,22,2002-07-09,대구 서구 41길 43
3e881327-e338-439d-91ad-62d14e9d827c,김예지,Female,21,2003-03-21,대구 강서구 58로 28
bfc6ab51-fbcc-4f44-9155-31009551c053,최승현,Female,38,1986-11-27,대구 남구 89길 11
a791a807-c813-4517-aa62-056deec66806,김예진,Female,50,1974-11-18,대구 남구 42길 85
500675ac-f2be-4c7b-8bb3-133c2d76f9bc,조예진,Male,49,1975-10-26,대구 강서구 45길 86
8b864d0f-9510-46d2-8727-9a11de907e96,강예진,Male,63,1961-08-10,부산 서구 80길 97
d4b27d05-0c6f-4536-90b5-7680dd05b71d,김지호,Female,45,1979-06-10,광주 강서구 23로 56
632612ba-aaa7-4362-8c18-c04f3677b32a,최시우,Female,52,1972-08-28,부산 강서구 54로 45
6b1113b0-a6d2-4d6c-979e-0125b3afadcc,박예진,Male,19,2005-01-12,서울 중구 17길 21
d1596c57-2f2e-4a37-89e6-93bfe727bd34,박서준,Male,37,1987-08-13,대구 중구 82로 72
b8282436-70f8-4db4-a94f-3a5ddf45b547,박지유,Female,56,1968-11-12,부산 강서구 65길 70
4ab55ff1-9c41-4a4d-9ca3-b75ae50be379,이준영,Male,20,2004-01-15,부산 강서구 14로 56
9b7595ec-2a2f-4eff-8e6f-1a10ec407c56,박하은,Female,50,1974-01-12,서울 서구 43길 69
bfb72702-1de6-4583-a2fa-89fe09eefa3d,박지유,Male,28,1996-12-16,대구 남구 45로 43
7d5f7f4c-d923-4221-b78e-8af3c796c945,박지우,Male,63,1961-06-31,서울 중구 81길 56
c1e1feb5-508f-4ec9-aac4-d5771f0054c8,강지호,Female,29,1995-07-31,광주 강서구 28길 85
7ae85354-9a23-4349-a468-f0a072dfb0a3,조하은,Male,47,1977-06-25,광주 중구 51로 83
7f3bbd52-fa3c-4124-8d86-e46a3c39ab41,장아윤,Male,45,1979-08-12,부산 중구 96로 95
e16f5f63-9aa7-42ff-bc8b-4a959c095e10,장하은,Female,42,1982-03-16,서울 강서구 43길 67
a69c33e0-6be8-47dc-8cd1-c2be3f96cdfd,김예진,Female,18,2006-12-28,대구 남구 68로 5
8d300ef1-3824-4159-9637-833722eae7b8,장은지,Male,23,2001-06-29,부산 남구 9길 61
db4f26ed-0f71-4f59-8f0b-5498c00bab78,장은지,Female,48,1976-07-31,광주 서구 84길 27
17f703ba-a84e-4e3a-aaa7-4e6fad9d7efe,김예진,Male,63,1961-12-28,광주 강서구 99길 30
9f7a51f6-9a99-43d6-bf10-e432fc1ad1e9,김예진,Female,38,1986-05-22,광주 중구 85길 27
f1ebf5e8-4739-4150-8f03-39323f6b9462,조지예,Female,42,1982-01-18,부산 강서구 32로 60
0c175b41-69d0-43ff-9e90-d7e81bbb108e,김시우,Female,48,1976-09-31,광주 강서구 34로 35
6d91973e-28fe-4060-871a-1f5ed4cfeb78,최하은,Female,21,2003-03-11,광주 남구 25길 38
1239d937-7dff-45ad-982c-bd676a98d9b6,이지민,Male,54,1970-06-25,대구 강서구 35로 79
c0597a4b-b8d0-46bb-9268-16f25d246bf3,최시우,Male,33,1991-11-21,광주 중구 33길 52
0f4924fc-6960-4dc4-a89e-caeb1c9c6bcd,조지호,Male,38,1986-08-08,서울 중구 98로 63
5bcb81ab-89b9-4ef6-8281-548d46056d1a,장은지,Female,15,2009-06-03,대구 서구 24로 73
61a38e59-9440-481e-b84f-8123c9c503db,김예진,Female,23,2001-03-22,대구 강서구 24로 63
26c075f4-ac18-4289-89b8-a9389473d7c5,이예지,Female,17,2007-08-15,대구 서구 25로 94
baee3fbe-d9a2-43cf-b104-b4e0de136f17,강지우,Female,18,2006-02-12,대구 강서구 33길 12
9241b91c-0cd6-422c-b9bd-9214da5be4fd,최준영,Male,33,1991-02-22,서울 중구 85길 73
928da596-09bd-42bf-80ec-7e64923709a5,박서준,Female,61,1963-05-30,서울 강서구 72길 51
2ec1b145-7fb1-4098-9559-6ac0bc80b734,강은지,Male,63,1961-08-14,대구 남구 65로 62
3c8059bf-1c84-4620-82a9-57abcbcd2265,장은우,Male,33,1991-02-22,광주 강서구 4길 6
9366948c-af45-4a55-9825-6edc56274703,이아윤,Female,18,2006-10-08,대구 강서구 42로 75
c07e731f-fcfc-43b6-882b-3261eb72c4cf,최지우,Female,54,1970-07-13,광주 남구 47로 14
5371811f-8e4d-4f24-9a9a-246202d3f00c,최아윤,Male,52,1972-10-22,대구 남구 69로 35
1d96d661-809f-490e-9a41-817937fe967f,이은우,Male,24,2000-09-16,부산 강서구 61길 36
4fbec11d-bf1c-4347-88ba-52335230727a,이지예,Male,64,1960-10-02,서울 강서구 54로 82
a8a96bb2-c902-4612-9811-4109604c8ca1,김시우,Male,61,1963-08-25,부산 남구 78길 95
6b2ff8e7-6d92-4808-95a7-cd2db2abbdff,강아윤,Female,25,1999-03-30,광주 남구 51길 9
ae7b8df4-0e04-48e1-8b69-c5a4ba66afe4,김은우,Male,64,1960-06-04,부산 남구 14로 95
ebaf677c-5727-4cc9-9a30-7a9b3d027b47,박예지,Female,40,1984-01-14,대구 강서구 94로 37
44a2d0a3-15c6-4071-b035-5cff0936b00a,이지예,Male,22,2002-11-07,서울 서구 42길 54
2e478dda-d7f1-4025-aee5-6822e907cc9f,강지우,Female,60,1964-09-30,서울 남구 24로 89
b04b681f-5d11-4a47-83cf-bd33397bb17d,최예지,Male,35,1989-05-20,서울 중구 72로 89
6a9a2f3d-8498-4b65-835a-70d629222ec3,강하은,Female,53,1971-12-26,대구 남구 19길 81
8986b536-c620-4b9e-8f96-2fa39b3bd4bd,최예지,Male,60,1964-07-19,광주 서구 57로 5
9c02699e-3668-4cb5-9540-27db6f1736b7,김예지,Female,58,1966-06-11,광주 서구 19로 37
438b8537-65ec-4292-bb3e-11d3d4680fcb,최지우,Female,24,2000-01-28,광주 서구 43길 53
3ea3167d-6749-43d5-b200-3412fd7feb82,이아윤,Male,28,1996-07-19,대구 강서구 22로 93
d274230b-0bf6-476b-aa6f-dcdffc4e06b6,김지우,Male,56,1968-05-22,서울 중구 81로 84
92211fcb-3fd6-491c-b547-fe5c0f4af85f,박아윤,Female,15,2009-04-14,광주 중구 60로 3
077de403-61ca-42b5-9d8a-ee82b2cf4260,김지우,Female,60,1964-03-29,대구 남구 48길 86
51b7f30b-9010-457d-bd10-5a4c0edafff2,이지호,Female,64,1960-11-25,대구 강서구 7로 17
38503368-f5dd-4899-b45e-2d0af41d1516,장하은,Male,36,1988-07-27,광주 서구 61로 82
5a6142e8-73e0-4b2a-96f8-3a46e0c072a3,장지우,Female,61,1963-11-04,서울 남구 44로 43
dfcd6282-dddb-40fe-9c6d-dc1d2caefe4e,최예진,Female,33,1991-04-15,부산 서구 74로 50
93278b2c-3545-4bb3-916d-cdc04f17716b,강예지,Female,28,1996-01-10,부산 중구 5로 86
2dd77107-6c44-4002-9e05-30b0bafffcc1,장은지,Male,22,2002-12-18,광주 남구 46로 77
b8ecca15-c33c-4e9a-acd3-b1a4437ec295,강서준,Female,45,1979-02-29,대구 강서구 84길 78
b9aeb6bf-db5c-409d-980d-04004d8aa47c,최하은,Male,51,1973-01-05,광주 강서구 41길 21
22adad93-7ca6-4a9d-b189-b909326d3ec7,강시우,Male,23,2001-01-21,부산 강서구 17로 3
24c4f9ee-db4f-4d15-bd1c-5a7357cb6321,장시우,Female,50,1974-04-10,광주 중구 35길 74
c6c9ac4c-d697-4a8a-aa25-bedaf3a14591,이지유,Female,37,1987-10-22,대구 강서구 78로 80
bf4e2b89-4d5d-4a2a-92ee-62fc8a5a2973,강은우,Male,23,2001-05-31,부산 강서구 55로 26
954feb90-9fa0-4890-9f87-f1680e33f9f9,강지우,Female,62,1962-08-07,대구 중구 55길 92
df497192-f0cb-48ee-806f-0cc901e542cb,장준영,Female,38,1986-06-15,서울 남구 31로 32
481ef8f2-fba1-40f0-83b7-839735f83063,장시우,Female,15,2009-07-24,서울 강서구 67길 56
4f81e551-6f6a-4965-86cb-0a90f0d10f22,장하은,Male,16,2008-03-07,대구 남구 74로 80
653eefe9-147f-4c14-b568-5dfb642134a3,강지유,Male,64,1960-01-18,부산 서구 52로 27
7b76b6dc-4038-4576-9b46-cfbfc0bda8e8,조승현,Female,64,1960-05-26,서울 강서구 43로 50
7a7d1885-737d-43ec-9766-ef06376cb745,김은지,Female,54,1970-06-17,서울 남구 3길 13
52ddad2c-7e78-44bd-bcb9-9a43e5af0659,최예진,Male,23,2001-04-18,대구 서구 72길 72
47fe65c1-9bfa-4f21-95a8-d715f7d5c91f,조은지,Female,19,2005-12-17,부산 강서구 55로 17
62fdd209-1dbc-4e0a-985f-d60ceb028959,김시우,Male,64,1960-03-20,부산 남구 53길 45
518dcfdc-ce32-415d-84ea-510f971129dd,박하은,Male,23,2001-11-13,대구 강서구 90로 55
da1fb0b4-c8cf-4c29-8e1d-b2d2908eb797,강지예,Female,41,1983-07-06,광주 남구 66로 92
87419ee9-e2aa-4643-9332-ad3d9f8acec8,최하은,Female,48,1976-03-22,부산 서구 77로 17
64bbb34e-0113-469a-9a0f-163cee54f700,최하은,Female,50,1974-11-18,부산 강서구 46로 30
1437d811-4eaf-46c0-9e2a-73923452b519,박지민,Male,22,2002-02-04,서울 서구 8길 19
74e09367-7df4-4eaa-b3ea-447d35b7ba8a,강예진,Male,54,1970-07-04,서울 강서구 38로 92
462f2c1a-80be-412c-b77c-95efb1612aba,박은우,Male,18,2006-03-06,광주 중구 96길 60
30e2a2cf-0404-47f0-949d-0f07101e9991,강승현,Female,48,1976-09-07,부산 중구 52길 85
18a763e4-1e83-489b-9037-894596b87d0f,조서준,Male,52,1972-10-20,서울 중구 82로 90
91326f05-f315-4965-a8fc-f23f8addb191,김지우,Male,16,2008-08-29,서울 서구 34길 48
bbad37f0-d43e-4f1c-be0e-84a5799fbcb7,조지유,Male,53,1971-04-26,광주 남구 48로 67
6177ba71-7178-4cbb-a964-665f65a3b24b,조은지,Female,58,1966-07-26,광주 남구 1로 64
474b3b1d-c08e-401b-885d-1639c6d43e06,박은우,Female,14,2010-05-13,부산 중구 93길 99
469ada30-b827-439c-be97-c0023ac3d68b,박은지,Male,21,2003-01-06,광주 서구 13길 42
70d86c3a-3796-432b-9a1e-e925348f1d19,장은우,Female,27,1997-10-31,서울 강서구 38길 37
